loc_lat,loc_long,species,action,severity
39.83487580985479,-114.53089522862781,parrot,animal mortality,P1
38.28238386695469,-76.4092671517979,rhino,proaching,P1
41.010429465341915,-79.07285148494579,parrot,other,P0
43.53872147231596,-121.96134549614071,rhino,illegal human activity,P1
46.57343803496829,-81.19124797494784,elephant,human widlife conflict,P1
32.47597610705134,-86.79770194695806,other,animal mortality,P2
36.32949940854243,-79.15942266895276,gorilla,community service,P1
38.14641372018614,-67.85946061082977,gorilla,proaching,P2
39.27097195739883,-84.67019543385413,other,illegal human activity,P0
34.2363535139327,-124.3829011490469,rhino,other,P1
40.26854440576697,-99.13615212049045,tiger,community service,P2
47.64639996564213,-79.01347589890938,gorilla,proaching,P2
30.74659780549984,-97.21137900976436,parrot,animal mortality,P2
35.50402070799316,-102.59249427956561,rhino,community service,P0
29.51956398760685,-104.74219788984931,gorilla,human widlife conflict,P2
47.907981170430375,-111.46024082785418,gorilla,community service,P0
31.525388936266342,-84.25513496528066,other,animal mortality,P1
40.78270959715543,-116.95840688687083,tiger,community service,P1
46.03771786478123,-72.29960331099804,elephant,animal mortality,P1
43.675301323455216,-75.43285445262485,elephant,wildelife sightings,P0
44.662796485722104,-113.5546629462761,tiger,illegal human activity,P2
39.98816756314182,-98.06981457291495,rhino,human widlife conflict,P1
47.18579438155457,-91.54628098658503,pangolin,animal mortality,P2
30.011384982288853,-91.80797514268797,other,community service,P1
44.71043751715531,-111.02288984445293,other,community service,P1
44.61069108168832,-98.7465060624455,gorilla,community service,P2
38.73939703335757,-98.94451513871618,gorilla,animal mortality,P0
28.661565536360488,-94.70032704918243,tiger,illegal human activity,P2
44.87256509308831,-99.43794271494706,tiger,human widlife conflict,P1
48.99450741589654,-72.94627995074345,pangolin,other,P1
32.167424666718645,-68.11279440012392,gorilla,illegal human activity,P1
36.60777680280242,-113.90733071175306,elephant,illegal human activity,P0
41.683108421420236,-105.11591699393442,gorilla,illegal human activity,P1
36.33739349833141,-96.45221626419334,rhino,animal mortality,P1
42.89319422836299,-69.25608410865804,parrot,animal mortality,P1
30.492831295080098,-112.19234309791644,gorilla,other,P2
43.656145249463435,-105.47842529465649,pangolin,human widlife conflict,P0
42.37170475724416,-91.87662663247482,tiger,illegal human activity,P2
39.453731561768336,-118.35472644954893,rhino,proaching,P2
29.26873792122494,-113.24683235585204,gorilla,illegal human activity,P2
48.799093740038465,-97.03989279222566,rhino,animal mortality,P2
29.515423894249942,-96.44024833199067,rhino,illegal human activity,P0
24.83432799156081,-96.44252006627762,pangolin,animal mortality,P0
38.31978161629114,-114.78975046362274,tiger,wildelife sightings,P1
37.5765018466748,-89.9162473889406,pangolin,wildelife sightings,P1
43.821556893214705,-110.82313025845397,other,animal mortality,P1
46.58000888377563,-79.4383251685718,gorilla,animal mortality,P0
42.50977370555458,-105.56361434789862,elephant,human widlife conflict,P0
47.838963328325534,-111.82970834074774,rhino,proaching,P1
48.00650891840929,-115.57164418455378,pangolin,wildelife sightings,P1
30.87296058027829,-103.57484984629966,elephant,illegal human activity,P0
37.99480328218813,-87.04784211288936,parrot,proaching,P0
39.08484357786854,-96.07887827238099,rhino,animal mortality,P1
43.376891166709484,-82.8537648154979,parrot,community service,P0
44.55617910813055,-109.47383977604002,elephant,community service,P0
43.013952109629926,-71.38895034718207,parrot,wildelife sightings,P0
39.39503104636292,-71.80579546517403,other,other,P2
42.15455314332774,-101.09676395589315,other,proaching,P1
27.727428897128135,-83.95234430210073,elephant,illegal human activity,P2
26.941120339108924,-95.51071216027113,other,proaching,P0
37.3412769912555,-81.48568752233277,elephant,human widlife conflict,P0
36.766850995000034,-91.90547761588905,tiger,human widlife conflict,P1
40.52252761094685,-120.93500064923502,elephant,proaching,P2
39.53253286534334,-80.11686486584153,other,illegal human activity,P1
33.986614673524386,-110.19148941507336,elephant,proaching,P2
43.215346778491536,-88.2312586525779,gorilla,human widlife conflict,P0
32.954321347702056,-123.41539102016867,gorilla,community service,P1
44.12769431428346,-80.11738637788305,tiger,community service,P2
47.114825717146374,-83.42750031319767,parrot,wildelife sightings,P1
33.18372078589821,-99.26606925825287,gorilla,community service,P1
43.116752099549764,-67.14659169304389,pangolin,other,P2
48.65838867393864,-96.60452854475918,tiger,human widlife conflict,P0
35.844160751957226,-101.01238356616454,other,illegal human activity,P2
44.41638045501547,-112.35233246318924,tiger,human widlife conflict,P2
34.74183115825273,-120.28000108991996,elephant,community service,P1
36.60385428039893,-106.33417769982852,parrot,illegal human activity,P0
24.9185937321222,-99.87821405148676,tiger,other,P2
37.50253985599753,-73.01449622733293,elephant,human widlife conflict,P1
41.4617772225145,-109.6526924825254,tiger,wildelife sightings,P2
43.93994935895534,-95.93050939136626,elephant,illegal human activity,P1
42.816862364320926,-117.23980824885994,elephant,human widlife conflict,P2
29.130924552994436,-97.80618684558405,elephant,wildelife sightings,P1
42.97472789528817,-77.82305859650681,rhino,community service,P0
41.96988328200197,-116.77957819337806,rhino,proaching,P0
25.162773864171157,-86.46296981304205,gorilla,animal mortality,P2
31.300392247851686,-76.20284375627071,other,illegal human activity,P0
27.87330239901355,-103.03843226671177,pangolin,community service,P2
36.17675647555568,-91.69725874809654,gorilla,human widlife conflict,P1
39.46862831406587,-96.07781847162056,parrot,proaching,P1
48.472746951367824,-81.4800255668864,rhino,other,P1
40.14466315978051,-97.65001516579451,other,animal mortality,P1
28.5594743684446,-94.49678086251222,pangolin,human widlife conflict,P2
30.90637921915158,-116.71859369837306,parrot,illegal human activity,P0
25.60043977427357,-81.75807861724826,gorilla,other,P1
32.405571448204356,-114.55486191679552,other,community service,P1
42.1355116224571,-90.37346511535615,elephant,illegal human activity,P2
39.714887128605554,-79.78254376381287,elephant,community service,P0
26.068301965206782,-75.80998777115056,tiger,wildelife sightings,P1
35.21663338408302,-97.18844811636582,parrot,animal mortality,P0
24.805990922062275,-122.08584002728166,tiger,community service,P0
32.44900186453008,-123.81061489857814,gorilla,illegal human activity,P2
46.45528412922965,-92.30326145609789,other,human widlife conflict,P0
41.8182494111079,-105.92330189224812,gorilla,proaching,P0
29.60593571201291,-89.05320128710537,other,illegal human activity,P1
27.475108183186702,-90.71149235425882,pangolin,wildelife sightings,P1
48.33478922148583,-110.95884677327265,tiger,other,P2
29.23524127678796,-97.45236759757141,gorilla,proaching,P2
43.79428990793117,-80.76264185600687,gorilla,animal mortality,P0
28.235837309138027,-116.38910380414495,pangolin,other,P2
41.88451082086135,-121.12816314065294,gorilla,illegal human activity,P0
37.060128570216264,-75.41797047291612,tiger,animal mortality,P0
30.8354580330764,-89.6979958962643,parrot,animal mortality,P2
33.76763372546387,-117.32834350508942,other,wildelife sightings,P2
29.23028570839164,-109.75889379913801,rhino,wildelife sightings,P0
30.08972484584919,-120.12045208591461,elephant,animal mortality,P2
38.07553659032977,-92.06338454584534,rhino,illegal human activity,P0
48.50954502354196,-75.36989106305964,tiger,animal mortality,P2
43.51682800932221,-120.80111229339315,tiger,proaching,P1
49.02415019665574,-92.26568526743961,pangolin,illegal human activity,P2
27.769900182959592,-117.3729977134531,gorilla,proaching,P1
32.575197184268454,-108.73364012661341,other,illegal human activity,P2
31.45804843533925,-71.18062227869383,parrot,animal mortality,P0
46.750008389584664,-108.9820812763213,pangolin,proaching,P0
37.3292062550679,-81.29070609158336,pangolin,wildelife sightings,P1
32.3389036842133,-88.8179686152082,parrot,human widlife conflict,P2
25.238678610070043,-73.02785476288255,other,community service,P2
31.00815674499703,-91.758015242793,pangolin,wildelife sightings,P0
43.427875454681796,-117.64436968970377,rhino,other,P1
38.04128577608343,-118.74867399914854,gorilla,human widlife conflict,P2
39.86372818529698,-111.36784511646835,tiger,community service,P0
36.36679806869974,-72.74317342190534,other,human widlife conflict,P0
31.700401112519764,-72.68913911646243,elephant,proaching,P0
30.640861448345582,-117.39473507964496,parrot,other,P0
39.28034382289495,-124.05078849321262,rhino,animal mortality,P2
46.14435783624185,-78.49703282282924,gorilla,illegal human activity,P2
32.61150830241543,-102.17868341050145,pangolin,illegal human activity,P2
47.15241717855481,-111.72653079133093,pangolin,proaching,P2
37.988489994319885,-113.91702345611426,other,proaching,P2
38.66724534652512,-84.87451403884704,other,animal mortality,P0
28.35817470039029,-103.66881445083386,other,community service,P0
27.144934633655456,-84.50220355714976,rhino,animal mortality,P2
37.894107317054534,-122.50558824925086,parrot,illegal human activity,P0
46.76157630315297,-70.32736089432802,rhino,other,P2
31.624666068331642,-119.00519832040324,other,illegal human activity,P2
47.6428491770787,-95.69023580792182,other,other,P2
28.865493720592262,-100.83155553819503,tiger,wildelife sightings,P2
46.52923851838861,-71.21988434077653,pangolin,wildelife sightings,P0
47.19637621752767,-101.66434693334631,parrot,wildelife sightings,P1
30.49802997412391,-85.26370615697593,other,proaching,P0
35.367921820027725,-95.2141479101327,pangolin,proaching,P1
38.34126925336873,-106.64418539106389,pangolin,illegal human activity,P0
26.428792469227492,-76.98142829391966,pangolin,wildelife sightings,P2
33.62131980779186,-84.03243243057646,elephant,proaching,P1
36.21163567444967,-80.6878872953332,pangolin,proaching,P2
35.00971081175214,-101.6136298936422,elephant,community service,P1
39.04326640009945,-76.96570120590172,tiger,other,P2
35.59651832626539,-76.55134860149344,parrot,animal mortality,P1
32.35221301782237,-113.61535991078331,other,proaching,P1
41.880356121257634,-103.94759172818,pangolin,illegal human activity,P1
34.50075202295642,-103.29049518309297,other,human widlife conflict,P0
44.354130335082345,-74.06644342142347,parrot,community service,P1
38.36051424168928,-67.77533224578465,gorilla,animal mortality,P2
36.226675884394865,-93.43320625906367,parrot,animal mortality,P2
47.72166024805716,-102.29381229550464,parrot,proaching,P2
24.767804533038564,-112.8870044823773,rhino,wildelife sightings,P0
45.40140319806916,-105.47304698888468,elephant,wildelife sightings,P0
47.54054211244902,-69.06949378180252,pangolin,human widlife conflict,P1
41.6709912453393,-101.18367248547159,gorilla,other,P1
32.903124857820345,-118.24245055854342,gorilla,human widlife conflict,P0
28.573714853726614,-75.0836747512599,rhino,human widlife conflict,P1
48.29572908256752,-76.54543905113314,elephant,community service,P2
34.52129751895837,-85.42489072995872,tiger,human widlife conflict,P1
43.106851540495,-109.66754504680662,parrot,illegal human activity,P1
47.81517025196759,-103.51397662008468,gorilla,human widlife conflict,P2
27.496156650604007,-80.02790974676348,pangolin,other,P2
42.07798172361275,-123.97297465591349,parrot,proaching,P2
29.861583830229897,-115.51892529671424,rhino,other,P1
24.858984463317935,-81.65227570970458,tiger,human widlife conflict,P2
32.231491045063436,-86.60256048751745,other,human widlife conflict,P1
40.95029658834769,-121.03846712595444,gorilla,human widlife conflict,P2
32.532889943536716,-96.27429052405387,rhino,proaching,P2
36.97784219666637,-107.74601860229745,gorilla,community service,P2
49.02896724553078,-72.46291927665621,pangolin,community service,P1
27.824474537861605,-76.76487216508163,pangolin,other,P0
42.329908546942264,-120.54603205476266,pangolin,illegal human activity,P0
38.217538942392764,-78.10541729135474,other,community service,P1
28.927028454372184,-93.71992673256902,tiger,other,P0
44.925837752966295,-72.73493850163325,parrot,wildelife sightings,P1
48.04408767535238,-100.3741526881568,tiger,proaching,P2
31.415522664786334,-112.52856690218462,other,community service,P0
34.979359043350506,-89.72681137957096,pangolin,animal mortality,P2
30.587079059922146,-98.12627969294091,rhino,proaching,P1
26.066156899479783,-110.37315517726844,rhino,wildelife sightings,P1
43.70140593940137,-77.77818235351603,parrot,other,P1
47.22213522608712,-100.19254800495533,other,other,P0
29.31887647153541,-73.87296832831774,elephant,proaching,P0
37.49267764555933,-93.47669784417005,rhino,human widlife conflict,P2
37.01517445536457,-82.52454612996095,rhino,wildelife sightings,P1
39.19117485665075,-122.80208915967803,parrot,animal mortality,P2
36.18178855201801,-98.99269862023736,rhino,wildelife sightings,P1
27.53418114772213,-124.50303027641903,tiger,other,P2
49.25413914578975,-102.24262927938298,rhino,other,P2
33.98221707028103,-89.59555439263346,pangolin,proaching,P0
30.18800212018667,-110.03818263282677,pangolin,community service,P1
35.09269508934976,-114.00119805994365,gorilla,community service,P0
39.71147224963325,-70.04968678578757,other,animal mortality,P0
43.70227959539274,-88.2905281801439,parrot,other,P1
41.32385652461844,-123.03808405886787,gorilla,proaching,P1
40.77074280967604,-121.52696067847036,parrot,community service,P0
36.30482744373766,-117.13065793764811,elephant,animal mortality,P0
46.00639864856967,-93.25724911642473,pangolin,other,P1
35.880028529413,-91.96994803520234,other,proaching,P0
33.57547284929878,-73.61530236276845,gorilla,human widlife conflict,P0
34.3854947824928,-84.63594073868268,elephant,wildelife sightings,P1
41.289700850114926,-109.76703636300184,gorilla,animal mortality,P2
36.35988160009597,-73.4954084303174,pangolin,proaching,P1
29.870256553527177,-101.20135206743878,gorilla,community service,P0
48.476613571162034,-112.06024705509111,rhino,human widlife conflict,P2
38.42700556878782,-79.82694213528788,pangolin,proaching,P2
29.121039221549065,-104.80342465736375,elephant,human widlife conflict,P2
36.93930173385412,-70.45810334289783,elephant,animal mortality,P2
42.046358475806706,-78.28649996232127,rhino,community service,P2
36.57160660484069,-90.0383475864642,pangolin,human widlife conflict,P1
32.23871254623266,-84.70505152474432,rhino,other,P0
28.582014989402843,-73.5346339341989,elephant,proaching,P1
36.577546423656536,-69.67508731124269,rhino,animal mortality,P1
41.84508294944979,-75.27435456543076,rhino,wildelife sightings,P2
25.249728744463223,-123.75466866100815,gorilla,human widlife conflict,P0
38.796989887866935,-101.67195373961437,other,wildelife sightings,P1
43.279055491114775,-68.2703722122653,gorilla,wildelife sightings,P2
31.646333916419493,-103.67382668082324,rhino,animal mortality,P1
29.695161298324283,-91.31465469741138,rhino,community service,P1
39.758354772213636,-117.5925041553815,tiger,human widlife conflict,P2
27.87104436748878,-80.57136178938622,pangolin,illegal human activity,P2
41.9040313990008,-120.16414314723039,parrot,wildelife sightings,P0
48.27357067273324,-112.68230815578077,tiger,human widlife conflict,P2
45.37738065620199,-68.3315321021556,parrot,other,P1
27.931782188415703,-115.99116035910045,tiger,proaching,P2
36.470541633969425,-119.75419594452693,rhino,proaching,P0
45.2727102681108,-97.02000125872624,parrot,animal mortality,P2
38.251660446279956,-81.26373331121002,other,other,P2
44.4490781746707,-99.2327914720357,pangolin,other,P0
27.222485796236658,-92.63774398546283,other,illegal human activity,P0
37.901412192140725,-107.39211860068676,elephant,illegal human activity,P0
34.903030690244655,-113.83526967359961,elephant,animal mortality,P0
32.69885342723735,-120.88480639962344,tiger,proaching,P0
33.85261573570064,-100.85876054915472,tiger,wildelife sightings,P0
28.404952127751933,-113.01048429506807,rhino,animal mortality,P1
27.658882041891314,-69.93880182778369,pangolin,other,P2
32.568664471980405,-77.88048086264334,rhino,community service,P1
31.29605630687891,-121.7574681030288,parrot,illegal human activity,P1
37.47233564331806,-89.44192526599036,parrot,other,P2
44.216116551341244,-67.66040416329034,other,other,P0
41.82976017941992,-114.0255490969938,elephant,community service,P1
39.47668994905939,-86.20295142285806,elephant,community service,P1
32.08780083013626,-92.4572305827196,rhino,animal mortality,P0
37.943069328893706,-80.2274814235204,rhino,other,P2
31.990422560861724,-111.9704144170201,pangolin,illegal human activity,P0
24.778112822264678,-109.17333196072923,gorilla,community service,P0
46.91652645073674,-102.75346792791191,parrot,other,P2
42.598581076173026,-86.18072364380626,parrot,community service,P0
45.23672427359574,-76.37765633126898,elephant,proaching,P2
26.98041416463714,-75.41221030077969,gorilla,proaching,P1
35.901014036905266,-100.17502143534728,parrot,animal mortality,P2
31.209307449421246,-101.65408099024934,gorilla,community service,P2
39.78934486356739,-85.8021984034143,elephant,human widlife conflict,P2
46.40349309779713,-75.28001759981427,gorilla,human widlife conflict,P0
41.214424047585766,-84.67447927286346,elephant,community service,P1
38.98802422821737,-102.71584647863716,gorilla,other,P2
27.615133512327024,-96.46839604076212,parrot,wildelife sightings,P0
26.75053827540391,-68.36691208271708,pangolin,community service,P1
27.203979164184165,-103.4639272472216,other,human widlife conflict,P2
47.758599269167405,-123.07972694048979,rhino,other,P2
36.3222981331542,-94.0666898914783,tiger,other,P1
31.27435766098379,-105.69130897163208,pangolin,proaching,P0
36.07761523634127,-85.99850235577802,elephant,wildelife sightings,P2
34.818775286297374,-66.99454814757695,tiger,wildelife sightings,P1
28.36414838793917,-77.44103370077099,pangolin,wildelife sightings,P2
42.63051021819439,-69.50145102800471,pangolin,animal mortality,P0
37.587270100749535,-83.49603416151713,pangolin,animal mortality,P0
35.94819054006983,-74.18231290288678,tiger,illegal human activity,P0
35.45302738308896,-67.33784675964971,elephant,animal mortality,P1
47.39874156694674,-71.38694935998583,elephant,illegal human activity,P0
49.23573080646531,-91.10178402305166,pangolin,animal mortality,P1
34.32071501191899,-84.46919301408393,rhino,illegal human activity,P2
32.77968315210182,-105.3126994176182,elephant,wildelife sightings,P0
28.662585905610555,-122.82903829548233,tiger,illegal human activity,P0
41.45018170882737,-97.79188450960811,gorilla,proaching,P0
29.7862604013849,-112.3515107647117,other,community service,P2
32.27956105250112,-120.32547577800518,parrot,animal mortality,P0
42.85679667242802,-118.83878180699423,parrot,proaching,P0
42.83527236503531,-77.83255833269604,gorilla,community service,P0
38.50570100764983,-75.40939575105965,rhino,illegal human activity,P0
31.712071154645095,-92.27560306003724,pangolin,wildelife sightings,P0
43.393308100185685,-84.38618527875971,tiger,proaching,P0
42.76793584261385,-96.00598693196356,rhino,proaching,P0
47.652192444220255,-90.15331197018011,tiger,wildelife sightings,P0
39.5572323860238,-93.49748203875289,rhino,proaching,P2
41.265397774584365,-106.8800170690092,tiger,illegal human activity,P1
36.015636658784956,-81.21700941637918,pangolin,proaching,P1
33.10114597782352,-84.2507420312177,other,proaching,P2
47.15401045122121,-124.11773857617325,gorilla,animal mortality,P1
41.233299575095714,-82.98257586604547,parrot,proaching,P1
44.98264340843635,-114.96618695649943,other,illegal human activity,P0
43.05444225432663,-121.26688376125045,rhino,community service,P2
38.3492535543917,-73.12750191205338,other,human widlife conflict,P2
32.134044569187466,-119.42051108615445,pangolin,other,P2
26.315294708480632,-78.69185745966897,gorilla,other,P1
33.446838108815975,-89.33757450858377,parrot,proaching,P1
45.2228674002549,-118.99486735347367,elephant,human widlife conflict,P0
30.616543505769208,-100.49199604064836,parrot,illegal human activity,P0
40.06624451354038,-85.2254587936522,parrot,wildelife sightings,P0
26.45607801673973,-75.60949825974477,parrot,proaching,P2
43.844723148189594,-107.50101609212173,gorilla,illegal human activity,P2
29.360051759754914,-124.75535667941587,rhino,wildelife sightings,P0
32.1671483966073,-82.90839500069663,other,wildelife sightings,P2
48.87471408195631,-77.02302896445434,rhino,proaching,P1
25.189327623178762,-111.87395545116946,parrot,community service,P2
43.98483329817883,-109.85175301449235,parrot,other,P1
33.583553670110284,-117.6996059343051,gorilla,human widlife conflict,P0
38.91610400273393,-85.71867245328848,tiger,human widlife conflict,P0
25.80901246770009,-74.25752030314507,rhino,proaching,P2
38.31315491948421,-72.05037601472011,other,animal mortality,P0
46.40349641001682,-103.03564748337084,other,other,P0
28.576107043442722,-110.45870427742102,parrot,human widlife conflict,P0
45.38420600210229,-72.05084654680991,tiger,wildelife sightings,P0
42.26493585245434,-81.78382364239569,elephant,animal mortality,P1
39.658784598353826,-108.88646320471359,tiger,community service,P2
34.81372348500186,-68.78751356305912,rhino,illegal human activity,P1
36.18570872007468,-82.90216182899371,tiger,human widlife conflict,P1
39.10957653575437,-122.05733845449417,pangolin,human widlife conflict,P0
32.16179683831861,-97.07204315539659,rhino,other,P0
30.94042099066519,-121.68822270630109,pangolin,human widlife conflict,P2
39.65756136724886,-86.60175297557024,parrot,community service,P0
25.64850576617222,-96.32139277097677,elephant,wildelife sightings,P0
38.095831208583135,-103.05408681023468,gorilla,proaching,P0
46.77861804594849,-115.61126570929424,elephant,human widlife conflict,P1
39.960631204547894,-99.04666302916974,parrot,human widlife conflict,P0
44.85353184454209,-67.52713015351404,rhino,illegal human activity,P1
46.929214556780266,-90.2702742054462,parrot,other,P0
39.68741024313621,-90.48923847537442,gorilla,animal mortality,P0
30.989566286822956,-106.94120702132408,parrot,human widlife conflict,P1
41.04323720330339,-80.74480010464592,rhino,community service,P1
29.866404090470013,-96.1770745431867,rhino,illegal human activity,P0
45.156963954012234,-120.16149574172256,elephant,wildelife sightings,P1
36.98921240393675,-113.90212488737721,rhino,community service,P2
45.40711568602582,-114.10294195239643,pangolin,proaching,P2
30.176739161220073,-93.69522893160111,elephant,human widlife conflict,P0
28.206918679347947,-115.8011734615649,gorilla,proaching,P1
44.951950545096,-120.49873451631954,other,community service,P1
34.79834336066237,-121.1765963200228,rhino,other,P0
41.08502961176665,-95.12074958845186,rhino,illegal human activity,P0
44.37202681533633,-87.39978452572089,elephant,other,P1
44.15761309110821,-123.94877956243762,pangolin,illegal human activity,P0
33.3818471825752,-109.2584296723502,tiger,community service,P1
48.77176261275093,-92.31146746190352,elephant,other,P1
36.37263591540206,-74.04457163903,parrot,human widlife conflict,P2
27.978203224830576,-95.57967975805924,rhino,human widlife conflict,P0
31.564400125834993,-105.96056084709478,pangolin,animal mortality,P0
29.058524081663606,-116.74055501518123,parrot,illegal human activity,P2
26.416368934446552,-72.75672302617653,parrot,animal mortality,P2
32.94355046412554,-83.37964108314162,other,illegal human activity,P0
27.163395457491717,-98.48157110886292,other,other,P2
46.0499774341467,-98.99097089797404,pangolin,proaching,P1
36.60912600799724,-93.95862489100824,pangolin,proaching,P2
32.2039221064279,-79.66588019424435,tiger,animal mortality,P0
42.960076110872464,-84.68787877898865,gorilla,wildelife sightings,P2
26.18740687642021,-110.24764553259286,other,illegal human activity,P0
38.779596960689574,-67.03042020944964,other,community service,P1
41.9330363932859,-100.48176278671697,parrot,other,P0
30.535410412846705,-92.82499201761775,other,wildelife sightings,P0
45.77322275333715,-97.23439605631694,rhino,animal mortality,P2
26.663915135933976,-94.46413692725471,gorilla,other,P0
36.88566912393206,-84.26051978198699,tiger,other,P1
43.62019077672088,-68.85002429824229,other,community service,P0
30.95081194994717,-120.15329404151291,elephant,proaching,P0
40.813579947864255,-115.72342496159037,elephant,community service,P2
39.45626868627295,-111.80244445169376,gorilla,wildelife sightings,P2
46.129164411594246,-112.02752888505202,other,other,P2
48.07608103064453,-120.51931103597197,parrot,animal mortality,P1
35.77472598253006,-93.75833291371339,gorilla,wildelife sightings,P2
27.548834674609168,-94.92990848734684,pangolin,animal mortality,P0
47.02766480504151,-73.69630506763022,gorilla,animal mortality,P0
25.68801833799694,-92.95974613828797,tiger,human widlife conflict,P2
35.78688816326661,-123.67642936077036,gorilla,illegal human activity,P0
48.060850248771175,-95.37768264640366,elephant,animal mortality,P1
40.527950975696015,-68.70809144710302,parrot,wildelife sightings,P1
30.220109843738257,-86.24434956464601,tiger,animal mortality,P0
27.614033622081852,-104.05849842497551,parrot,wildelife sightings,P2
44.57012964381087,-88.02538910885937,other,illegal human activity,P0
26.36027134452905,-124.57101535126715,parrot,illegal human activity,P0
47.86804110175038,-78.68330115782152,tiger,illegal human activity,P0
37.7037218882454,-88.53783653608657,rhino,human widlife conflict,P0
34.73705181638645,-76.21883087424311,gorilla,human widlife conflict,P2
32.09184442290627,-72.65046249595866,other,illegal human activity,P2
42.28094030341993,-104.66569008824943,tiger,proaching,P2
27.404335729948397,-80.19792190189402,elephant,illegal human activity,P1
28.755225218521222,-94.54664774273148,pangolin,human widlife conflict,P0
30.589332193189215,-90.47824974980438,parrot,illegal human activity,P0
28.01579656062395,-92.78365639495114,rhino,community service,P2
36.53394742509398,-107.50199525493528,other,wildelife sightings,P1
32.79864351393914,-91.63570390133796,gorilla,proaching,P0
31.006763307105928,-100.76926758327916,tiger,illegal human activity,P2
28.577805010734334,-76.74092826702113,elephant,animal mortality,P0
43.08266954254354,-113.87035681305831,other,wildelife sightings,P2
25.83288759734645,-120.12886826712015,elephant,human widlife conflict,P2
49.2252149613912,-82.51236598955859,pangolin,other,P2
25.815393166012072,-118.66959311941282,gorilla,human widlife conflict,P1
34.586768472124184,-124.30971603973755,elephant,community service,P2
42.376760083415775,-71.9552022072376,other,other,P1
25.962543288597317,-69.08642072017985,tiger,wildelife sightings,P2
40.587704672945094,-70.97054274593843,tiger,human widlife conflict,P0
34.7519475535108,-110.25861300332409,gorilla,animal mortality,P1
37.84012247582995,-86.10048032967303,gorilla,proaching,P1
40.04118962128537,-96.80463052183615,tiger,animal mortality,P0
42.9030559758042,-78.2535627709622,parrot,illegal human activity,P2
48.47786425745697,-119.04909858601394,elephant,human widlife conflict,P2
25.18457091307651,-77.74932919114332,tiger,human widlife conflict,P1
36.06390788790971,-77.08695895296944,gorilla,community service,P0
30.678172299323364,-116.49115864381703,tiger,community service,P1
28.546496693702647,-95.89183774497782,gorilla,other,P2
33.52145930243236,-118.71871976791142,tiger,proaching,P1
37.2251829276745,-99.39237721014831,gorilla,human widlife conflict,P1
40.688678542429095,-75.00473361153459,rhino,illegal human activity,P2
31.899927255321767,-107.48162245413828,rhino,other,P1
33.93800511279322,-118.91219280250658,parrot,community service,P2
42.53464987766477,-94.95759603030028,tiger,illegal human activity,P0
45.43071891928244,-98.87524837338412,elephant,human widlife conflict,P0
46.58233623291315,-90.25428331852478,rhino,other,P0
29.258584902291076,-108.1306108371588,pangolin,animal mortality,P0
30.25645006457402,-98.20400480301848,parrot,other,P1
46.990097070702916,-120.54358682780104,parrot,other,P2
40.3856147865339,-106.99185565772451,tiger,other,P1
27.451988549605602,-85.01867916427702,gorilla,proaching,P1
33.37880198202347,-75.83041839309914,other,illegal human activity,P2
28.483434802357493,-106.13037880306157,rhino,other,P0
27.14350194691776,-119.17218029959263,parrot,community service,P1
40.565138878684095,-105.46610847330342,elephant,animal mortality,P2
32.65211391154566,-81.68721396400872,pangolin,proaching,P2
45.716688356932096,-76.76267487712494,gorilla,proaching,P1
28.798132170581223,-82.00875210622875,tiger,animal mortality,P1
36.81020717389485,-70.77802060363982,pangolin,proaching,P0
27.68982995225978,-74.23975025395421,elephant,illegal human activity,P2
31.75929338905161,-80.83928965716404,parrot,other,P2
36.13925635757933,-97.64748633641958,rhino,other,P1
39.007906785322454,-73.52170408316226,rhino,human widlife conflict,P0
35.64790150342927,-91.72739283791584,rhino,illegal human activity,P0
48.49594111001301,-120.675621374632,other,proaching,P0
26.71087108455381,-88.2255653387069,other,human widlife conflict,P0
32.78329999293301,-80.88271348311721,other,proaching,P2
39.10176783691824,-88.93524544103369,other,illegal human activity,P2
48.17657588970283,-75.89502781184821,tiger,proaching,P0
33.69027479925209,-99.30844475673814,gorilla,proaching,P2
45.356541827483724,-75.23689046082674,elephant,community service,P1
44.326445306389424,-67.46040885802839,pangolin,animal mortality,P0
30.034668646797225,-117.16143631314154,rhino,community service,P0
48.42652170593299,-105.09621593049464,parrot,animal mortality,P2
37.970050148786015,-122.80518937972755,parrot,other,P1
47.98854331966898,-117.87309515346104,elephant,illegal human activity,P2
25.860842520755053,-84.5968272420934,parrot,proaching,P2
37.55686935198655,-123.49245693640334,pangolin,illegal human activity,P0
45.76791454544508,-117.68865857884319,rhino,proaching,P2
28.600601839545448,-98.38929901729146,tiger,illegal human activity,P1
27.945684135525738,-124.69711602601645,parrot,community service,P2
35.077353526538495,-111.18016835243215,other,other,P2
29.76618261017419,-108.93721015290377,elephant,human widlife conflict,P0
29.679276230062655,-113.44876039549433,parrot,illegal human activity,P1
37.55887014787376,-80.80181953529778,other,wildelife sightings,P0
41.90671279131026,-102.99915574252265,parrot,community service,P0
27.95370219298578,-91.41887024016273,elephant,community service,P2
34.37230932250655,-71.70891630134001,parrot,wildelife sightings,P2
27.385006724171497,-92.4433783624099,other,wildelife sightings,P1
42.51259688174387,-120.3363384672197,pangolin,proaching,P2
29.961642478300888,-101.60834530028194,tiger,other,P1
35.55888844879473,-69.00892407933236,pangolin,animal mortality,P2
27.81815400658773,-91.12255915741933,pangolin,proaching,P0
34.685877176829166,-71.0728174104014,rhino,illegal human activity,P0
25.013623923566733,-113.61835155603434,tiger,human widlife conflict,P2
37.16697402213999,-74.05899754980311,rhino,animal mortality,P0
41.137866259893265,-116.65079148120282,pangolin,proaching,P0
30.921296004685402,-101.9904040800349,elephant,proaching,P0
25.213297934665874,-112.70999980208853,parrot,illegal human activity,P0
32.384431706023555,-90.34362475157289,tiger,other,P0
43.93429329105233,-88.7109188838541,parrot,proaching,P1
39.02596803581595,-79.3602131705147,pangolin,other,P0
30.22909229596938,-81.43650785539526,pangolin,wildelife sightings,P0
49.193125017357936,-101.72687466376729,pangolin,other,P1
29.73982059565789,-82.8164877531586,parrot,proaching,P0
27.405581893820234,-73.7580179636517,parrot,animal mortality,P2
39.38718411332239,-67.26130368063963,pangolin,animal mortality,P2
41.915203624198995,-80.92052424964731,pangolin,animal mortality,P1
27.387911098020794,-83.83282697008633,pangolin,wildelife sightings,P2
29.626467267904758,-79.15168915952322,tiger,other,P1
25.693993163945127,-88.44066731255168,parrot,proaching,P2
32.323244784553665,-84.90158270120493,parrot,illegal human activity,P1
36.268041426970576,-77.03829544659999,elephant,illegal human activity,P2
44.477715814167354,-117.55139564382449,pangolin,other,P1
27.289156193867537,-67.73979095062847,parrot,other,P0
40.37370394102627,-73.20636318616985,tiger,community service,P0
41.390335265005184,-87.15521287262942,tiger,community service,P0
40.17950125188865,-77.99955961756908,gorilla,wildelife sightings,P2
37.20926521439867,-120.08940301910772,other,animal mortality,P2
33.643686535540226,-113.7586610705956,parrot,human widlife conflict,P1
49.03956321211939,-87.06318782839904,tiger,human widlife conflict,P0
35.13391123405708,-123.07545455599137,other,illegal human activity,P1
49.09021278995867,-106.87534080914082,other,proaching,P2
33.47019921656372,-96.59576239235703,rhino,animal mortality,P1
31.655944339432423,-123.6469980183314,pangolin,proaching,P0
27.049067314458096,-82.52339731749547,gorilla,community service,P0
43.35796585947841,-70.1594939502292,parrot,animal mortality,P2
27.48048900326554,-92.75927088125704,tiger,animal mortality,P1
25.610696648035432,-90.47780731004829,parrot,community service,P2
38.45412959689202,-118.82101120106755,other,proaching,P2
38.48805059583799,-69.90954810985471,pangolin,animal mortality,P2
43.267345050876045,-71.27224106555482,parrot,human widlife conflict,P2
46.28920656182305,-96.7095246910791,rhino,animal mortality,P2
34.02719447230362,-93.9766470345347,tiger,other,P0
33.624769393980856,-100.47778886132801,gorilla,other,P1
40.77362415546666,-83.66751827796898,pangolin,animal mortality,P0
49.28598576061773,-113.90047045445293,tiger,community service,P1
47.88317964101334,-67.97128598612093,elephant,wildelife sightings,P0
34.002901773933544,-84.35925519920893,other,community service,P2
31.588890394691873,-78.73636240528155,other,animal mortality,P2
46.60484227945207,-107.82841855239633,elephant,other,P2
29.000483123819606,-119.56992841539261,pangolin,animal mortality,P0
36.034253108834676,-115.49498345377069,parrot,community service,P2
49.06697980579247,-117.1014950964598,rhino,proaching,P2
27.786125224073068,-122.96391893372756,rhino,other,P1
39.397208025364954,-73.05372595591922,gorilla,proaching,P0
43.347871271159335,-72.18559475684954,gorilla,animal mortality,P1
25.895445006983877,-86.87099578066204,parrot,community service,P1
26.54640299324207,-111.94040926678763,elephant,human widlife conflict,P0
35.295399641723016,-115.55410211178976,parrot,other,P0
45.35036742438393,-68.54260002413763,elephant,community service,P0
36.7727667571011,-107.79968655729722,elephant,illegal human activity,P1
45.73944753054063,-72.46470615958523,parrot,animal mortality,P1
37.99699306235819,-78.28857780677578,parrot,other,P0
38.82474808836366,-94.75625679383157,pangolin,illegal human activity,P1
27.157693144826197,-124.53976308545876,pangolin,community service,P1
41.48598375010591,-117.30996803556896,rhino,human widlife conflict,P2
44.00587636672999,-106.79424278997158,parrot,animal mortality,P1
48.39166634560494,-119.04555412652236,rhino,animal mortality,P0
43.21969371050602,-69.38714092125507,elephant,human widlife conflict,P0
37.0372098205169,-116.58256577995866,gorilla,community service,P2
44.55468607570403,-88.54988381188703,parrot,illegal human activity,P1
31.83553781911151,-93.1134868388755,elephant,animal mortality,P1
48.35829174549393,-110.4546097089148,parrot,community service,P0
29.05572209640665,-96.66235441934819,gorilla,human widlife conflict,P2
43.77944706700301,-76.99512652184148,other,other,P1
43.645147029698734,-75.89231629322725,tiger,animal mortality,P2
31.75583579835517,-121.7956476325848,other,wildelife sightings,P0
34.357250093552395,-69.61385311816214,elephant,wildelife sightings,P1
31.78331946332885,-123.712855841513,parrot,animal mortality,P1
31.13290343399165,-84.41471248444304,tiger,human widlife conflict,P0
35.04043815144179,-109.88646686343972,parrot,community service,P1
34.53406011545396,-116.23988956233924,gorilla,wildelife sightings,P2
27.873420680995412,-109.12452619162173,rhino,community service,P0
41.510177535841095,-72.53911704967135,gorilla,illegal human activity,P2
43.83646194638753,-113.56842089459374,tiger,animal mortality,P0
30.11734842038591,-82.15754443232639,tiger,animal mortality,P1
34.30457843654805,-68.40344283781693,elephant,community service,P1
32.748658005122174,-96.90982695925385,parrot,human widlife conflict,P1
38.97226034607775,-115.33945263125436,rhino,community service,P0
47.48675607487249,-77.66160193867282,rhino,wildelife sightings,P1
41.094233606496815,-71.06651055637113,tiger,human widlife conflict,P2
31.32602041981954,-75.60567724890849,pangolin,other,P0
43.855737397207164,-121.53320328986977,gorilla,community service,P0
34.796461831670506,-91.01656389718886,pangolin,proaching,P1
40.49339506797782,-117.07088051221078,tiger,other,P0
34.739328202671,-92.15986167292888,pangolin,other,P0
39.89242584436495,-69.29166133613705,rhino,other,P0
36.22741460199005,-114.27273206218945,other,illegal human activity,P2
42.8186112874904,-124.36218094202974,elephant,community service,P0
48.034244504182965,-89.69614977989036,other,animal mortality,P0
30.95045906078708,-97.14203992762901,parrot,animal mortality,P1
37.00149421922045,-82.57348763488872,rhino,human widlife conflict,P1
34.857488345638416,-70.85919700224727,pangolin,human widlife conflict,P0
35.509490838899325,-99.28388886901446,pangolin,animal mortality,P1
34.957612523695765,-75.4943260617612,pangolin,animal mortality,P2
43.39042880992377,-96.75955766749126,rhino,other,P0
41.01794137837324,-114.26453531346341,other,human widlife conflict,P1
35.394808177173985,-69.81249867277458,gorilla,community service,P2
31.485895638318443,-116.2442716254375,rhino,community service,P1
43.399911076812984,-77.8326945995839,elephant,human widlife conflict,P2
29.101669847280228,-119.44179925681586,elephant,animal mortality,P1
39.08879084340016,-101.50647749604397,parrot,proaching,P1
38.740581153898134,-100.77272076818595,pangolin,illegal human activity,P2
44.80491286210411,-122.90958021228626,parrot,animal mortality,P2
44.981174945547814,-94.68003136603204,gorilla,other,P0
45.74250026518476,-75.05877012095718,other,animal mortality,P2
41.812022928700486,-96.96611501809491,rhino,other,P0
26.620188115699985,-82.9371037544071,pangolin,proaching,P0
42.83620065820479,-69.68436086663519,elephant,proaching,P2
42.19889297014526,-114.67202664865049,parrot,animal mortality,P2
28.338419859860288,-124.75048011454311,parrot,community service,P2
45.17416236579285,-117.08188750923858,pangolin,illegal human activity,P2
44.864282706151954,-81.43865083462187,tiger,other,P1
31.186718779579472,-112.23051097318816,tiger,wildelife sightings,P2
27.301937737785867,-96.4263370121282,parrot,illegal human activity,P0
47.59981034134094,-91.95018318986891,tiger,other,P2
45.38649492030764,-75.42370448957968,gorilla,illegal human activity,P1
47.82684934995873,-105.08277997751424,other,proaching,P0
36.14134027878867,-117.50269378868998,pangolin,community service,P2
39.38803090606521,-110.37415460836912,tiger,wildelife sightings,P0
35.801646929487575,-79.6667635088524,gorilla,community service,P2
24.98798264086322,-124.39997329176775,pangolin,animal mortality,P1
46.58437014349623,-104.98638536201085,other,illegal human activity,P2
45.03279390917004,-93.29222181093087,rhino,other,P0
40.948517128572966,-76.65011110042346,rhino,proaching,P1
35.98278996982037,-120.36983412153485,rhino,illegal human activity,P1
49.06136310797079,-82.97638661400174,pangolin,animal mortality,P1
47.23174813101883,-83.43301218603935,parrot,community service,P1
37.98686715562627,-115.67981323168362,other,proaching,P2
36.278098365926816,-124.49360858142789,rhino,human widlife conflict,P1
44.9006725821347,-74.59656966184437,pangolin,proaching,P0
27.074581235149072,-77.25053076374475,pangolin,other,P2
43.3231551822938,-115.0107887550496,parrot,proaching,P0
40.41844618805351,-106.07619485273244,parrot,community service,P0
28.322218819657813,-82.17171658659188,pangolin,human widlife conflict,P0
42.594193124214286,-85.50908780406141,pangolin,illegal human activity,P2
33.067391386303214,-86.07740307997307,tiger,community service,P2
49.129855204803555,-84.40863956016275,gorilla,illegal human activity,P1
33.50090486496223,-108.50524342390676,parrot,other,P1
47.50525789239995,-78.37189685391559,parrot,human widlife conflict,P0
38.05111959452218,-104.53675187714022,elephant,proaching,P0
44.44542246863985,-104.32880693726717,parrot,human widlife conflict,P1
39.93902307195685,-75.41172178788534,other,wildelife sightings,P2
37.94229253951674,-67.82181040480745,parrot,illegal human activity,P0
47.2579465427982,-96.69622294360337,elephant,wildelife sightings,P2
45.35279560420189,-76.59350352862369,elephant,other,P1
43.484773913929715,-69.91699951122185,pangolin,wildelife sightings,P2
46.70629533578683,-83.96494979472945,elephant,illegal human activity,P0
42.40032677604188,-115.91851614478632,rhino,proaching,P2
37.524813730729065,-74.1326591394708,tiger,human widlife conflict,P2
38.24232824479977,-111.45962090874174,pangolin,other,P1
40.548258724935444,-72.12886198620271,gorilla,proaching,P2
34.477394480149066,-99.1270815220462,tiger,illegal human activity,P1
45.37103048361148,-115.0165922689352,other,community service,P1
32.3595018405819,-69.02215457804049,other,wildelife sightings,P2
44.26526160015076,-102.25119344324054,other,wildelife sightings,P0
33.45911976885255,-98.19414542591056,parrot,animal mortality,P0
44.171891481729034,-92.204547718021,other,wildelife sightings,P1
40.47018682052615,-113.73118844673057,tiger,human widlife conflict,P0
38.89435987872889,-114.90136314020589,other,other,P2
48.39127064117076,-102.77550793216125,rhino,human widlife conflict,P2
32.918249309775696,-100.47997553869679,pangolin,other,P0
39.01617440798141,-92.33426231758943,elephant,proaching,P0
25.695235420495937,-68.02914626586417,rhino,proaching,P0
41.495886103323016,-92.9499733594993,gorilla,animal mortality,P1
28.665782762238678,-79.7260450578352,pangolin,wildelife sightings,P2
42.28929921723792,-114.68146946239123,gorilla,human widlife conflict,P2
41.96363734709749,-83.93497403994199,tiger,illegal human activity,P1
28.89633261721237,-87.99490682775694,pangolin,other,P1
31.011302065721758,-113.91969550737323,other,wildelife sightings,P0
27.73453851818668,-116.02093667982294,rhino,animal mortality,P0
36.727820016117136,-115.1298833540169,parrot,human widlife conflict,P1
31.870214519846044,-89.16850576048984,elephant,proaching,P0
45.802582481232555,-70.40500857848228,parrot,human widlife conflict,P1
42.333101631183204,-100.77706151019825,other,human widlife conflict,P1
32.187740688550726,-106.82392146486578,pangolin,animal mortality,P1
25.96622311038231,-79.79806712948995,parrot,other,P2
41.018823967621316,-110.26529648651012,other,illegal human activity,P0
38.18668867053583,-71.16713818015211,rhino,other,P0
37.96196304656081,-82.05569040821561,gorilla,wildelife sightings,P0
44.77566245944578,-84.34741534205651,elephant,other,P1
38.09777195897345,-68.34292102542994,pangolin,human widlife conflict,P1
34.415987296143584,-113.08856484018756,tiger,other,P1
46.539377424061485,-73.01246184740302,gorilla,human widlife conflict,P1
49.33963984250109,-89.00847866630482,gorilla,other,P1
41.828310069130836,-103.612276618876,parrot,proaching,P0
40.3123786202628,-71.8113726160796,rhino,other,P2
33.55845194895966,-109.90390467707904,gorilla,illegal human activity,P0
26.603275843267728,-124.28687121728868,parrot,wildelife sightings,P2
43.93017615187294,-89.5595665116214,parrot,proaching,P1
42.27052974032005,-88.06029176486874,other,community service,P0
29.301786262439826,-113.90881705292703,gorilla,proaching,P0
36.42801895610659,-71.7595726292648,tiger,animal mortality,P0
39.60275883474306,-116.33232515235092,gorilla,wildelife sightings,P0
37.45449344224341,-81.90289973537335,elephant,illegal human activity,P2
34.22470265590562,-111.5859061572462,elephant,other,P1
32.152978303517486,-114.38712683283687,rhino,human widlife conflict,P2
44.81681952901462,-108.43293513239784,pangolin,human widlife conflict,P2
33.97084927424336,-110.02181173933569,other,proaching,P2
27.88150436875815,-81.51568458255639,gorilla,community service,P1
34.59747090341574,-98.04680929060336,other,community service,P0
29.116351214762844,-92.57068139094184,gorilla,proaching,P2
44.9582250079293,-107.36147813627419,pangolin,animal mortality,P0
34.78269039502331,-123.89321667691374,pangolin,other,P2
48.092644553615145,-105.09518848035783,gorilla,illegal human activity,P0
47.5610136227558,-78.29632985731831,other,animal mortality,P0
30.344423987547323,-95.46296798881646,tiger,animal mortality,P2
35.501487975891074,-81.19026362725184,pangolin,wildelife sightings,P2
32.40513535347534,-88.66448197559421,other,illegal human activity,P1
24.803944223112754,-87.99463527739553,gorilla,illegal human activity,P2
27.95379153625363,-96.78000516198281,elephant,animal mortality,P1
45.19208064086298,-121.28155807658028,parrot,animal mortality,P1
30.241151883163575,-120.99130895021413,rhino,animal mortality,P0
47.006109976051526,-94.01669584469711,rhino,community service,P2
38.61600797503242,-83.09814844418003,pangolin,animal mortality,P0
36.29013133791513,-97.34519832125576,elephant,animal mortality,P1
48.07421539503104,-90.80735911352895,parrot,community service,P2
27.22335741810026,-73.64068925910792,parrot,animal mortality,P1
30.99370093218518,-87.14808001440613,other,animal mortality,P0
31.544413504331157,-96.35841658831998,other,human widlife conflict,P2
29.684066889746447,-90.76059986322778,tiger,animal mortality,P2
44.089351086421686,-79.10099194383797,gorilla,animal mortality,P0
27.023194307405,-124.16606808150809,pangolin,human widlife conflict,P2
35.122108850902436,-68.04093675342517,tiger,proaching,P0
37.40934728312249,-102.84645041014869,parrot,community service,P1
33.917537821321055,-75.22398886172725,other,wildelife sightings,P1
30.081227246915827,-85.39028884725666,parrot,human widlife conflict,P2
46.73871967623626,-107.92229371827123,tiger,community service,P1
34.67385780770864,-69.1753106505877,tiger,human widlife conflict,P0
38.57671697270502,-88.31698333072117,gorilla,illegal human activity,P1
34.3917164064665,-81.01610285074946,other,proaching,P0
46.77671780213418,-78.5300903068387,gorilla,animal mortality,P0
28.28412434222395,-112.05671355159024,pangolin,other,P2
44.00624997417893,-78.35667725660318,rhino,proaching,P2
31.995351219006672,-101.70589024970825,parrot,other,P0
45.037756281023874,-112.94376767461395,elephant,proaching,P1
34.626816066053735,-121.40699508307598,rhino,illegal human activity,P1
46.47432247809742,-80.08372386630735,other,other,P2
38.59941342934961,-114.1054741354689,pangolin,other,P1
36.124750209638464,-91.08997692437839,parrot,proaching,P2
45.03115917515768,-122.23168090516184,parrot,animal mortality,P0
47.7652054403047,-78.1663899839483,other,animal mortality,P2
45.00904869007869,-79.34248610290047,tiger,animal mortality,P0
39.773733422307444,-80.92644410530366,rhino,human widlife conflict,P0
38.931392094008736,-74.28729263920131,tiger,illegal human activity,P2
26.953563811234194,-106.66323079323863,elephant,human widlife conflict,P1
33.19369001698724,-116.82722299643844,elephant,illegal human activity,P0
48.12858241309931,-73.32647121332317,elephant,animal mortality,P1
44.35106333954268,-111.59124984223976,other,other,P1
45.186167852158036,-75.44560620089665,elephant,animal mortality,P2
40.5351422241566,-97.69669056162721,gorilla,community service,P0
32.90746539656231,-113.99671962209698,elephant,wildelife sightings,P0
25.595521501826887,-98.32193305203342,other,illegal human activity,P1
41.333587727136575,-84.86671601974453,elephant,community service,P0
49.050869699326185,-81.85320802045628,pangolin,other,P0
34.431064981851115,-75.0510172952142,rhino,human widlife conflict,P1
49.22785778244977,-71.33882329074646,parrot,proaching,P2
40.768373571832385,-102.91769531143431,gorilla,proaching,P1
36.44936256602893,-123.5128889642858,gorilla,community service,P2
41.62328696355925,-101.96526609558137,parrot,illegal human activity,P2
29.95254735846523,-79.09080440610387,pangolin,proaching,P1
42.559756060654934,-75.88420085584842,rhino,community service,P2
33.164222603613105,-74.77857346487428,parrot,animal mortality,P2
25.37382917687014,-107.11653067751587,other,animal mortality,P2
26.187527096681393,-94.22420380855331,gorilla,proaching,P1
45.50610777036428,-96.50086241936623,parrot,illegal human activity,P0
44.05344477380747,-113.07284550968566,tiger,wildelife sightings,P0
25.959158188394625,-107.72253735352272,tiger,other,P1
36.69820483852044,-102.56443271046199,pangolin,community service,P1
43.72289272549527,-67.10899634317974,parrot,community service,P0
40.027447380628416,-69.85589531701454,rhino,illegal human activity,P0
28.2018924908954,-121.99909866780655,pangolin,wildelife sightings,P0
25.122103592715927,-108.16371403482049,rhino,wildelife sightings,P0
40.93484621372359,-90.12297248847361,gorilla,proaching,P2
40.303328427652644,-123.80836344950254,other,community service,P0
37.13386961391722,-86.17637340872315,elephant,human widlife conflict,P2
43.920474314301984,-106.35261904019184,pangolin,proaching,P1
29.867204837477946,-67.71892541863926,elephant,community service,P0
38.733657582400525,-103.9722763249822,gorilla,wildelife sightings,P2
36.42059334900328,-92.03117955257864,rhino,illegal human activity,P1
26.451466896472475,-120.79978326238039,tiger,community service,P1
25.82753913319821,-112.77325248260138,tiger,animal mortality,P2
39.97520910492511,-110.28017320170785,other,human widlife conflict,P2
36.053415465694634,-77.18227224692671,elephant,animal mortality,P0
43.24784018080336,-113.56702190010583,other,wildelife sightings,P0
38.62897893012948,-77.795754939561,gorilla,animal mortality,P1
38.24090770187871,-98.77951771105785,rhino,illegal human activity,P0
39.430782179281955,-111.13630496426948,tiger,proaching,P0
34.139896806673015,-90.60385768083091,rhino,community service,P1
46.2510915640146,-79.30796435561388,gorilla,animal mortality,P1
29.111127673322912,-79.49594767764923,rhino,human widlife conflict,P1
42.67181658932363,-91.10624828750456,other,other,P2
40.82522521211831,-83.4171372521128,rhino,community service,P2
27.760939147982175,-86.98381977623565,elephant,animal mortality,P0
43.86073350512835,-104.1056924275029,parrot,proaching,P2
33.37961191249995,-105.0511939145513,gorilla,wildelife sightings,P2
46.421616418881996,-71.13904714454559,tiger,proaching,P0
47.86862220660355,-124.61852570184696,rhino,community service,P2
44.18308053887783,-73.14262792908512,pangolin,animal mortality,P1
46.95391277394094,-85.73410229204293,parrot,community service,P0
45.20236160873053,-72.85524259431669,parrot,human widlife conflict,P2
45.951308098808546,-89.8383382823924,pangolin,proaching,P1
36.89166877543155,-83.65065187225395,tiger,community service,P2
33.50102610940925,-116.82355170179241,other,animal mortality,P1
26.6062346172515,-93.60038357277634,tiger,animal mortality,P0
42.31700828613769,-75.71521479528013,rhino,wildelife sightings,P2
46.836623881746064,-118.63229108275526,gorilla,wildelife sightings,P1
26.660942722397444,-83.89763494047278,elephant,community service,P1
41.12670440353268,-114.33669182004421,elephant,wildelife sightings,P0
40.629845309436234,-82.18660378394821,rhino,animal mortality,P1
32.57543653856339,-81.19959519238546,elephant,illegal human activity,P2
26.323771521472302,-67.57527302697,pangolin,community service,P0
32.11874489432196,-118.97695167775673,pangolin,community service,P0
37.522586203562675,-84.5141942255249,pangolin,illegal human activity,P2
43.97043414496174,-68.93263351805825,gorilla,human widlife conflict,P1
41.515140214926504,-115.27314679027862,parrot,proaching,P0
33.13526336529976,-110.7392147984068,tiger,wildelife sightings,P2
44.469299122963875,-100.46384381175385,tiger,wildelife sightings,P1
28.267643006623945,-87.15947902985525,rhino,community service,P0
25.418857630941904,-105.33338202624243,pangolin,illegal human activity,P2
46.071920166843746,-98.0416917426484,other,proaching,P0
37.611584435414755,-80.3266773191329,tiger,community service,P2
47.39184360045998,-109.09684235402418,elephant,proaching,P0
25.4737396533613,-98.28811051612523,rhino,animal mortality,P1
43.46450979922517,-112.54231166113199,parrot,human widlife conflict,P1
30.50217566518171,-91.56425886813687,other,animal mortality,P0
27.34939010825045,-120.78754507966492,other,wildelife sightings,P1
47.220267314776365,-92.69377911922871,elephant,other,P0
45.13084013783724,-113.24784969894147,tiger,animal mortality,P1
46.16239910146106,-79.59631018673554,parrot,wildelife sightings,P1
46.521220262386144,-80.05173324373946,pangolin,proaching,P1
30.174297848250802,-75.18812435748603,gorilla,other,P1
41.623030032459944,-84.08346819912127,other,illegal human activity,P1
49.01899837319537,-94.98590184631564,gorilla,illegal human activity,P2
44.206935647321615,-83.56176221026213,gorilla,human widlife conflict,P0
45.73484330999371,-96.80915320428241,gorilla,other,P2
41.44632002873955,-95.98226751329936,gorilla,human widlife conflict,P1
37.08180159273749,-102.35672149928644,gorilla,animal mortality,P2
25.676754339403214,-83.1889206112096,other,illegal human activity,P0
47.716221626136644,-72.8762331971432,other,proaching,P2
39.450944685369436,-93.50598209031361,pangolin,other,P1
36.20317982275984,-67.23005018074696,other,other,P2
26.336666604366822,-74.07632015425865,elephant,illegal human activity,P1
26.55337727173769,-97.0181117825121,tiger,illegal human activity,P0
25.07920724060262,-74.35905113930025,elephant,proaching,P2
47.416622522972744,-96.8887796541556,parrot,illegal human activity,P0
34.37932977003585,-89.64201728791386,parrot,illegal human activity,P2
37.79160466278074,-73.99111446520143,tiger,wildelife sightings,P0
47.81437483374604,-68.98037464740241,tiger,community service,P0
43.10649644543387,-92.40833692212097,pangolin,proaching,P0
36.643633163034565,-106.54985731349495,tiger,other,P1
26.21507293482682,-124.51963363684375,pangolin,wildelife sightings,P1
45.567998114867365,-116.20894561121493,pangolin,human widlife conflict,P2
38.8394034132596,-123.03173912289142,elephant,human widlife conflict,P2
38.95607040323818,-80.90575491131293,pangolin,other,P0
37.67241166105656,-92.51500251531881,elephant,other,P2
30.469781258491206,-108.98227033200548,rhino,illegal human activity,P2
37.60857848895859,-74.95827054314222,pangolin,human widlife conflict,P1
43.99756763618535,-82.54425798057396,gorilla,other,P0
47.16670802013617,-98.31525756930574,elephant,human widlife conflict,P2
28.801854217007723,-85.27486292761425,rhino,community service,P0
35.62898472389762,-113.67063140675405,tiger,human widlife conflict,P1
45.77372908787834,-98.41395370127881,pangolin,community service,P1
25.6542606336981,-119.07411033048004,gorilla,illegal human activity,P0
44.856958038980565,-84.62742118763214,tiger,other,P1
28.551521141576494,-93.63184892063899,gorilla,illegal human activity,P1
44.07149765574968,-71.84230226273176,tiger,other,P2
29.40767337555096,-71.45298163437238,gorilla,wildelife sightings,P0
45.52770912173022,-86.53355999147978,pangolin,proaching,P0
48.55764548849044,-80.08499197264433,tiger,animal mortality,P2
30.836199723164953,-79.56125930010714,parrot,proaching,P1
33.01705584827557,-74.66540220450639,other,wildelife sightings,P1
31.37454121610691,-69.18337212932187,other,wildelife sightings,P1
39.25307884196573,-108.2360432908747,other,other,P1
45.464432636409796,-108.26789166233095,elephant,human widlife conflict,P0
33.42112783747615,-95.29788700673583,parrot,illegal human activity,P1
32.248381391706495,-94.42666606011736,tiger,proaching,P2
37.06466882461065,-86.75699245752017,pangolin,wildelife sightings,P2
31.940487020235768,-113.52548279917252,rhino,illegal human activity,P0
41.93404944242982,-97.4991814504234,pangolin,other,P2
44.74852213263437,-97.43847147678407,other,animal mortality,P0
29.38213212176462,-86.65392680450586,gorilla,illegal human activity,P2
44.017510494713484,-101.13640462342177,gorilla,other,P1
34.07491680737721,-91.98938987946232,parrot,community service,P2
39.03613675500138,-70.26117611552465,pangolin,animal mortality,P1
48.58876970267165,-120.40939989780023,elephant,illegal human activity,P0
46.715594399727436,-98.61459607927628,tiger,human widlife conflict,P2
45.95124363103969,-98.27506261270979,rhino,proaching,P2
46.616004285665,-77.61205848451917,rhino,animal mortality,P1
24.937679289192648,-113.4331139606319,elephant,animal mortality,P1
41.60306670569027,-85.42143043189854,gorilla,proaching,P2
42.2866443228166,-86.44720756150969,elephant,community service,P2
28.426991898227158,-114.29074676883694,parrot,community service,P2
30.40608816761455,-114.24113194405115,elephant,community service,P1
26.452745765669693,-108.2555767519471,rhino,community service,P2
28.779393546751386,-124.2303865066202,pangolin,proaching,P1
25.625349986874443,-115.38532662250591,gorilla,animal mortality,P0
37.911019691077165,-67.40736185769924,pangolin,community service,P2
32.6111821331741,-89.41686502656704,elephant,community service,P2
46.34622799975351,-81.3998076998744,rhino,illegal human activity,P2
31.035799457644163,-94.74650125045002,parrot,wildelife sightings,P2
35.143871467406726,-114.70126862781544,gorilla,animal mortality,P2
25.801793936179013,-113.31685073863785,elephant,proaching,P1
43.73958859443594,-69.97537204538317,gorilla,community service,P2
27.374145900510836,-97.05242351960749,parrot,illegal human activity,P1
38.65855699891311,-80.52783891554171,elephant,illegal human activity,P0
46.887990647862665,-87.92668055084917,pangolin,community service,P2
49.15465470334394,-85.23088765571119,parrot,illegal human activity,P0
36.77710216105119,-119.58930832124673,pangolin,human widlife conflict,P1
29.72958278155101,-86.18094698778796,other,animal mortality,P0
37.904393214031444,-80.35242081184546,parrot,community service,P0
31.862702968582777,-67.38246751017905,other,human widlife conflict,P2
41.58561622422988,-108.3260460790682,pangolin,community service,P2
28.145780322569593,-111.28865643669525,tiger,community service,P1
26.190007671988315,-118.61290329157441,rhino,animal mortality,P1
30.245207299025548,-107.31094547744652,elephant,community service,P1
38.462339780941036,-109.51057662302843,other,wildelife sightings,P1
42.85055420479971,-112.16877474415271,elephant,animal mortality,P0
46.29114837760797,-121.24587313736143,other,community service,P2
43.1731631703373,-104.73911447379376,parrot,human widlife conflict,P0
40.739570020269,-88.88432901044007,tiger,illegal human activity,P0
38.720512358121354,-117.90955249257885,elephant,other,P0
27.898309766829446,-78.16111396301139,parrot,other,P0
30.334805016107808,-102.47282263927679,other,animal mortality,P0
25.32729790608053,-81.19650770460484,pangolin,human widlife conflict,P1
38.3236375626139,-102.7896263937487,pangolin,animal mortality,P2
47.87709761625476,-78.00515785142616,pangolin,proaching,P1
31.94146621690877,-72.0674044337481,gorilla,community service,P0
44.900787484874854,-99.52241050581408,rhino,community service,P0
48.51812625769303,-112.57717743427992,elephant,animal mortality,P2
27.92481651983235,-111.36214159462241,gorilla,proaching,P0
47.595534827998634,-120.39594232529126,other,human widlife conflict,P2
37.412320286751644,-122.91830588814075,rhino,proaching,P0
43.277280496037555,-81.56591816855736,parrot,community service,P1
30.30733711410248,-86.85955096559798,other,animal mortality,P1
40.19871470268888,-81.43635510540636,parrot,illegal human activity,P0
27.29953159585531,-76.6732509536814,pangolin,community service,P2
34.11081456248727,-70.27598802959727,gorilla,other,P0
34.66409648100332,-77.90373396355885,tiger,wildelife sightings,P1
48.26650858103939,-99.52653604751875,pangolin,animal mortality,P2
30.371027614135684,-107.79617456266521,other,proaching,P1
27.97970413913397,-77.44679569727637,gorilla,illegal human activity,P2
38.42901170832614,-92.41867403061872,gorilla,animal mortality,P2
37.43688302388392,-100.1604283018959,rhino,wildelife sightings,P2
45.10001692458758,-112.2205142843011,other,illegal human activity,P1
43.930924083828174,-73.36757744254604,parrot,illegal human activity,P1
28.300701283066505,-80.1607585199816,gorilla,wildelife sightings,P2
46.21693040504457,-97.70631723292166,other,animal mortality,P2
25.81390817380289,-108.60338142084149,rhino,other,P0
39.44331539567983,-97.86945136818392,tiger,animal mortality,P0
33.07088528864422,-119.20099235324004,elephant,community service,P2
41.91105755826208,-121.24918273392181,parrot,proaching,P1
27.769479335527492,-75.41991506353358,rhino,illegal human activity,P2
29.605963388493848,-116.77152467692038,elephant,human widlife conflict,P1
41.728237982013,-111.63847629598801,other,community service,P1
26.049116176215644,-93.79177160431786,gorilla,wildelife sightings,P0
30.432817957393183,-84.49349955780951,tiger,other,P0
30.009409246931646,-98.66979884124402,elephant,illegal human activity,P2
31.14774574066502,-79.58773196740445,rhino,wildelife sightings,P0
44.590003340120845,-94.40405766238192,elephant,other,P1
47.95403859371795,-98.11107073251074,pangolin,wildelife sightings,P0
33.88401547330291,-102.03052517965313,other,community service,P2
41.99138702525647,-102.56745990283666,parrot,proaching,P2
47.2737114719053,-77.0175671678742,pangolin,other,P2
44.137428307038064,-71.90588660815726,elephant,human widlife conflict,P0
36.65156132217555,-102.94327476199904,elephant,human widlife conflict,P2
42.57886642896625,-115.0277961333855,pangolin,illegal human activity,P1
45.20370007740485,-80.55576286640014,gorilla,proaching,P2
37.99045243163553,-78.0480420369096,parrot,wildelife sightings,P0
28.20139422610501,-79.86665726366081,pangolin,proaching,P1
31.90681026246513,-119.06836077085505,pangolin,community service,P1
35.72432569762699,-107.5303607547363,pangolin,community service,P2
33.71089879500145,-94.92480848400453,elephant,human widlife conflict,P1
34.48912018667292,-109.77877886068136,other,wildelife sightings,P0
25.05272507403082,-78.80030120031026,elephant,community service,P1
38.12352236689001,-77.70708183345384,tiger,wildelife sightings,P0
48.50343470143321,-80.50376427045552,elephant,other,P1
26.564846733283066,-86.14704874950553,gorilla,proaching,P1
35.616340495704016,-76.36616100008212,rhino,wildelife sightings,P0
43.82073561986498,-80.61417868972723,tiger,animal mortality,P2
36.39813071345776,-91.55815324836864,gorilla,other,P2
39.19601905803952,-116.60538486989995,pangolin,human widlife conflict,P0
31.7754960959861,-96.49876599106081,rhino,human widlife conflict,P0
29.85654863984293,-78.65415034233328,rhino,other,P2
38.85113779546007,-94.05476414241136,elephant,other,P0
34.01206688133822,-116.52107174810385,other,animal mortality,P1
45.78882473343261,-79.79624691939736,tiger,human widlife conflict,P0
47.51921709137366,-99.27782460708868,other,other,P1
44.4474342546017,-82.48456461870228,parrot,wildelife sightings,P1
43.42439402815961,-86.46849124604475,gorilla,human widlife conflict,P1
35.8982958658319,-77.19004970930953,rhino,proaching,P0
42.24364265866764,-96.16691665273412,rhino,proaching,P1
39.857322057496546,-107.8715114748627,gorilla,human widlife conflict,P1
32.60774237520762,-95.95253589932547,other,animal mortality,P0
38.68258449407323,-93.29264539849099,other,community service,P2
24.839660613862943,-97.63010004281075,tiger,proaching,P0
28.22716634730381,-103.67663586147964,gorilla,proaching,P1
47.41729386604506,-112.23757667475168,other,community service,P2
30.708425023187743,-123.12373035009374,elephant,proaching,P2
33.87432243260304,-101.14462958339035,pangolin,wildelife sightings,P0
47.38310592593156,-88.78315871769789,parrot,other,P0
35.65225639126216,-72.16033366978279,pangolin,animal mortality,P1
38.4486978320076,-94.6154790200571,gorilla,wildelife sightings,P0
37.556070554002915,-91.4358724061284,rhino,animal mortality,P0
26.721705392336503,-67.26735910200424,other,other,P1
48.109521868304086,-98.65760950326242,rhino,other,P1
38.73761343963183,-74.39732636205801,parrot,wildelife sightings,P0
42.37959260161396,-107.00998652363012,pangolin,human widlife conflict,P2
31.06325271517719,-81.57446347493857,elephant,community service,P2
31.288296644211936,-90.29276676088395,pangolin,wildelife sightings,P2
33.39948324597564,-104.46607428973233,gorilla,other,P2
41.296105694335466,-77.24623639138066,rhino,proaching,P1
41.59374895944244,-74.79803978054069,tiger,community service,P2
35.4313295301468,-73.1815722793348,pangolin,proaching,P1
37.03222475781959,-82.6387179217393,elephant,animal mortality,P2
38.13148335228924,-113.66063456782737,other,proaching,P2
